"","Issues Opened","Issue Comments","Issues Closed","Commits","Contributors"
"Issues Opened",1,0.793234998908618,0.853050218219644,0.516035788054159,0.746543259720572
"Issue Comments",0.793234998908618,1,0.779769033041633,0.465550777048598,0.77599850825341
"Issues Closed",0.853050218219644,0.779769033041633,1,0.598721019289891,0.628090820073397
"Commits",0.516035788054159,0.465550777048598,0.598721019289891,1,0.458926377475772
"Contributors",0.746543259720572,0.77599850825341,0.628090820073397,0.458926377475772,1
