"","Issues Opened","Issue Comments","Issues Closed","Commits","Contributors"
"Issues Opened",1,0.784176797524589,0.855456012186731,0.443430047242015,0.736170165641806
"Issue Comments",0.784176797524589,1,0.847782072348059,0.351510563520065,0.748677687740272
"Issues Closed",0.855456012186731,0.847782072348059,1,0.426004924499317,0.64183471545078
"Commits",0.443430047242015,0.351510563520065,0.426004924499317,1,0.481651818799918
"Contributors",0.736170165641806,0.748677687740272,0.64183471545078,0.481651818799918,1
