"","Issues Opened","Issue Comments","Issues Closed","Commits","Contributors"
"Issues Opened",1,0.857530861342231,0.871078247685026,0.771645733653789,0.561805699271976
"Issue Comments",0.857530861342231,1,0.81820133838057,0.739080945606946,0.687171554329453
"Issues Closed",0.871078247685026,0.81820133838057,1,0.698288145208046,0.446053238076375
"Commits",0.771645733653789,0.739080945606946,0.698288145208046,1,0.720083777180446
"Contributors",0.561805699271976,0.687171554329453,0.446053238076375,0.720083777180446,1
